"method","auroc","delta_w","ari","k","exactC","seed","scenario","tmfg_avail","oracle_na","rho_C","rho_D","gini_C","gini_D","obar_C","obar_D","rt"
"cw",1,0.0136353070427019,1,3,TRUE,900000001,"primary",0.9,0,0.164609316218642,0.13651777879574,0.165921367088794,0.178085855338441,0.10019890717087,-0.0176022778088798,0.893
"gini",0.55,0.0228741535402385,1,3,TRUE,900000001,"primary",0.9,0,0.164609316218642,0.13651777879574,0.165921367088794,0.178085855338441,0.10019890717087,-0.0176022778088798,0.893
"oracle",0,-0.315892107072267,NA,NA,NA,900000001,"primary",0.9,0,0.164609316218642,0.13651777879574,0.165921367088794,0.178085855338441,0.10019890717087,-0.0176022778088798,0.893
"over",1,0.0163885784929585,1,3,TRUE,900000001,"primary",0.9,0,0.164609316218642,0.13651777879574,0.165921367088794,0.178085855338441,0.10019890717087,-0.0176022778088798,0.893
"raw",0.583333333333333,0.028091537422902,1,3,TRUE,900000001,"primary",0.9,0,0.164609316218642,0.13651777879574,0.165921367088794,0.178085855338441,0.10019890717087,-0.0176022778088798,0.893
"cw",1,0.0159495403218047,1,3,TRUE,900000002,"primary",0.9,0,0.173359136885266,0.166907005178293,0.160386865082458,0.162636866656516,0.106655756023002,-0.0146556735182371,1.094
"gini",0.583333333333333,0.00508415535617696,1,3,TRUE,900000002,"primary",0.9,0,0.173359136885266,0.166907005178293,0.160386865082458,0.162636866656516,0.106655756023002,-0.0146556735182371,1.094
"oracle",0,-0.372562006337223,NA,NA,NA,900000002,"primary",0.9,0,0.173359136885266,0.166907005178293,0.160386865082458,0.162636866656516,0.106655756023002,-0.0146556735182371,1.094
"over",1,0.0191307017899167,1,3,TRUE,900000002,"primary",0.9,0,0.173359136885266,0.166907005178293,0.160386865082458,0.162636866656516,0.106655756023002,-0.0146556735182371,1.094
"raw",0.6,0.00645213170697273,1,3,TRUE,900000002,"primary",0.9,0,0.173359136885266,0.166907005178293,0.160386865082458,0.162636866656516,0.106655756023002,-0.0146556735182371,1.094
"cw",1,0.012272814158248,1,3,TRUE,900000003,"primary",0.9,0,0.175531252909315,0.202712731259097,0.183056268725711,0.162321081099123,0.103663022693055,0.0135328144228813,0.991
"gini",0.316666666666667,-0.0247640369205036,1,3,TRUE,900000003,"primary",0.9,0,0.175531252909315,0.202712731259097,0.183056268725711,0.162321081099123,0.103663022693055,0.0135328144228813,0.991
"oracle",0,-0.356582424592093,NA,NA,NA,900000003,"primary",0.9,0,0.175531252909315,0.202712731259097,0.183056268725711,0.162321081099123,0.103663022693055,0.0135328144228813,0.991
"over",1,0.0149730587635458,1,3,TRUE,900000003,"primary",0.9,0,0.175531252909315,0.202712731259097,0.183056268725711,0.162321081099123,0.103663022693055,0.0135328144228813,0.991
"raw",0.333333333333333,-0.0271814783497818,1,3,TRUE,900000003,"primary",0.9,0,0.175531252909315,0.202712731259097,0.183056268725711,0.162321081099123,0.103663022693055,0.0135328144228813,0.991
"cw",1,0.0219482640205592,1,3,TRUE,900000004,"primary",0.9,0,0.211058761631162,0.15739461062306,0.171095355680675,0.175839923814837,0.126934809441119,-0.0188499477958019,1.089
"gini",0.766666666666667,0.0429073823477588,1,3,TRUE,900000004,"primary",0.9,0,0.211058761631162,0.15739461062306,0.171095355680675,0.175839923814837,0.126934809441119,-0.0188499477958019,1.089
"oracle",0,-0.220506432377175,NA,NA,NA,900000004,"primary",0.9,0,0.211058761631162,0.15739461062306,0.171095355680675,0.175839923814837,0.126934809441119,-0.0188499477958019,1.089
"over",1,0.0266111666061648,1,3,TRUE,900000004,"primary",0.9,0,0.211058761631162,0.15739461062306,0.171095355680675,0.175839923814837,0.126934809441119,-0.0188499477958019,1.089
"raw",0.766666666666667,0.0536641510081023,1,3,TRUE,900000004,"primary",0.9,0,0.211058761631162,0.15739461062306,0.171095355680675,0.175839923814837,0.126934809441119,-0.0188499477958019,1.089
"cw",1,0.0173015097481941,0.792079207920792,3,TRUE,900000005,"primary",0.9,0,0.198747464028201,0.211958974687353,0.173880632398335,0.172039090776035,0.118561586926424,0.0123153612585865,1.094
"gini",0.416666666666667,-0.0126674606358723,1,3,TRUE,900000005,"primary",0.9,0,0.198747464028201,0.211958974687353,0.173880632398335,0.172039090776035,0.118561586926424,0.0123153612585865,1.094
"oracle",0,-0.330610193617756,NA,NA,NA,900000005,"primary",0.9,0,0.198747464028201,0.211958974687353,0.173880632398335,0.172039090776035,0.118561586926424,0.0123153612585865,1.094
"over",1,0.0210530634572912,0.792079207920792,3,TRUE,900000005,"primary",0.9,0,0.198747464028201,0.211958974687353,0.173880632398335,0.172039090776035,0.118561586926424,0.0123153612585865,1.094
"raw",0.416666666666667,-0.0132115106591526,0.792079207920792,3,TRUE,900000005,"primary",0.9,0,0.198747464028201,0.211958974687353,0.173880632398335,0.172039090776035,0.118561586926424,0.0123153612585865,1.094
"cw",1,0.0183001714595079,1,3,TRUE,900000006,"primary",0.9,0,0.192226812354337,0.159265198270074,0.168058723660886,0.171496728174207,0.117871295579815,-0.00807759601827715,1.092
"gini",0.55,0.0253410494036799,1,3,TRUE,900000006,"primary",0.9,0,0.192226812354337,0.159265198270074,0.168058723660886,0.171496728174207,0.117871295579815,-0.00807759601827715,1.092
"oracle",0,-0.308969474213213,NA,NA,NA,900000006,"primary",0.9,0,0.192226812354337,0.159265198270074,0.168058723660886,0.171496728174207,0.117871295579815,-0.00807759601827715,1.092
"over",1,0.0219580719999248,1,3,TRUE,900000006,"primary",0.9,0,0.192226812354337,0.159265198270074,0.168058723660886,0.171496728174207,0.117871295579815,-0.00807759601827715,1.092
"raw",0.533333333333333,0.0329616140842633,1,3,TRUE,900000006,"primary",0.9,0,0.192226812354337,0.159265198270074,0.168058723660886,0.171496728174207,0.117871295579815,-0.00807759601827715,1.092
"cw",1,0.0140630584067236,1,3,TRUE,900000007,"primary",0.9,0,0.172417966877308,0.195495396613761,0.177731131315132,0.152039023727429,0.107654576979515,-0.000680868767103024,1.087
"gini",0.25,-0.0247680269329291,1,3,TRUE,900000007,"primary",0.9,0,0.172417966877308,0.195495396613761,0.177731131315132,0.152039023727429,0.107654576979515,-0.000680868767103024,1.087
"oracle",0,-0.361693670710157,NA,NA,NA,900000007,"primary",0.9,0,0.172417966877308,0.195495396613761,0.177731131315132,0.152039023727429,0.107654576979515,-0.000680868767103024,1.087
"over",1,0.0171715803070532,1,3,TRUE,900000007,"primary",0.9,0,0.172417966877308,0.195495396613761,0.177731131315132,0.152039023727429,0.107654576979515,-0.000680868767103024,1.087
"raw",0.35,-0.0230774297364527,1,3,TRUE,900000007,"primary",0.9,0,0.172417966877308,0.195495396613761,0.177731131315132,0.152039023727429,0.107654576979515,-0.000680868767103024,1.087
"cw",1,0.0171837810242739,1,3,TRUE,900000008,"primary",0.9,0,0.184025837481724,0.190627348466892,0.149974006310317,0.154210181260715,0.109511220561132,-0.0252433383503107,1.099
"gini",0.433333333333333,-0.00582371804968332,1,3,TRUE,900000008,"primary",0.9,0,0.184025837481724,0.190627348466892,0.149974006310317,0.154210181260715,0.109511220561132,-0.0252433383503107,1.099
"oracle",0,-0.272109140762859,NA,NA,NA,900000008,"primary",0.9,0,0.184025837481724,0.190627348466892,0.149974006310317,0.154210181260715,0.109511220561132,-0.0252433383503107,1.099
"over",1,0.0202825880920117,1,3,TRUE,900000008,"primary",0.9,0,0.184025837481724,0.190627348466892,0.149974006310317,0.154210181260715,0.109511220561132,-0.0252433383503107,1.099
"raw",0.416666666666667,-0.00660151098516726,1,3,TRUE,900000008,"primary",0.9,0,0.184025837481724,0.190627348466892,0.149974006310317,0.154210181260715,0.109511220561132,-0.0252433383503107,1.099
"cw",0.883333333333333,0.00712703701527858,1,3,TRUE,900000009,"primary",0.8,0,0.142156460998096,0.196823714714226,0.185596575701348,0.14522169285084,0.0848362901257728,0.0154289957498829,1.085
"gini",0.35,-0.0558210657886222,1,3,TRUE,900000009,"primary",0.8,0,0.142156460998096,0.196823714714226,0.185596575701348,0.14522169285084,0.0848362901257728,0.0154289957498829,1.085
"oracle",0,-0.438797075707962,NA,NA,NA,900000009,"primary",0.8,0,0.142156460998096,0.196823714714226,0.185596575701348,0.14522169285084,0.0848362901257728,0.0154289957498829,1.085
"over",0.9,0.00893441193742422,1,3,TRUE,900000009,"primary",0.8,0,0.142156460998096,0.196823714714226,0.185596575701348,0.14522169285084,0.0848362901257728,0.0154289957498829,1.085
"raw",0.366666666666667,-0.05466725371613,1,3,TRUE,900000009,"primary",0.8,0,0.142156460998096,0.196823714714226,0.185596575701348,0.14522169285084,0.0848362901257728,0.0154289957498829,1.085
"cw",0.983333333333333,0.00987876196603218,1,3,TRUE,900000010,"primary",0.9,0,0.16006223111698,0.232275317391133,0.167500509126751,0.156239536064735,0.09579548898021,0.000862477910211449,0.636
"gini",0.216666666666667,-0.0613484154864765,1,3,TRUE,900000010,"primary",0.9,0,0.16006223111698,0.232275317391133,0.167500509126751,0.156239536064735,0.09579548898021,0.000862477910211449,0.636
"oracle",0,-0.384381158989265,NA,NA,NA,900000010,"primary",0.9,0,0.16006223111698,0.232275317391133,0.167500509126751,0.156239536064735,0.09579548898021,0.000862477910211449,0.636
"over",0.966666666666667,0.011932284119919,1,3,TRUE,900000010,"primary",0.9,0,0.16006223111698,0.232275317391133,0.167500509126751,0.156239536064735,0.09579548898021,0.000862477910211449,0.636
"raw",0.283333333333333,-0.0722130862741526,1,3,TRUE,900000010,"primary",0.9,0,0.16006223111698,0.232275317391133,0.167500509126751,0.156239536064735,0.09579548898021,0.000862477910211449,0.636
"cw",1,0.0151569300765405,1,3,TRUE,900000011,"primary",0.9,0,0.175961431827315,0.206960985236679,0.163694697628563,0.163827945466282,0.105725411342727,0.000779049479758002,1.093
"gini",0.333333333333333,-0.0287514804576739,1,3,TRUE,900000011,"primary",0.9,0,0.175961431827315,0.206960985236679,0.163694697628563,0.163827945466282,0.105725411342727,0.000779049479758002,1.093
"oracle",0,-0.390636648623998,NA,NA,NA,900000011,"primary",0.9,0,0.175961431827315,0.206960985236679,0.163694697628563,0.163827945466282,0.105725411342727,0.000779049479758002,1.093
"over",1,0.0182475492338112,1,3,TRUE,900000011,"primary",0.9,0,0.175961431827315,0.206960985236679,0.163694697628563,0.163827945466282,0.105725411342727,0.000779049479758002,1.093
"raw",0.333333333333333,-0.0309995534093636,1,3,TRUE,900000011,"primary",0.9,0,0.175961431827315,0.206960985236679,0.163694697628563,0.163827945466282,0.105725411342727,0.000779049479758002,1.093
"cw",1,0.013792615414132,1,3,TRUE,900000012,"primary",0.9,0,0.165373174898711,0.163973514238095,0.173007308058524,0.151911357856038,0.102404195300919,-0.0254676367204432,1.081
"gini",0.516666666666667,-0.00636701983122961,0.792079207920792,3,TRUE,900000012,"primary",0.9,0,0.165373174898711,0.163973514238095,0.173007308058524,0.151911357856038,0.102404195300919,-0.0254676367204432,1.081
"oracle",0,-0.405128218202753,NA,NA,NA,900000012,"primary",0.9,0,0.165373174898711,0.163973514238095,0.173007308058524,0.151911357856038,0.102404195300919,-0.0254676367204432,1.081
"over",1,0.016712292908266,1,3,TRUE,900000012,"primary",0.9,0,0.165373174898711,0.163973514238095,0.173007308058524,0.151911357856038,0.102404195300919,-0.0254676367204432,1.081
"raw",0.533333333333333,0.00139966066061573,0.792079207920792,3,TRUE,900000012,"primary",0.9,0,0.165373174898711,0.163973514238095,0.173007308058524,0.151911357856038,0.102404195300919,-0.0254676367204432,1.081
"cw",1,0.0211400147095505,1,3,TRUE,900000013,"primary",0.9,0,0.209251355765864,0.196990170822415,0.170272694313498,0.183073953215979,0.128081667168247,0.00101894840342203,1.077
"gini",0.516666666666667,0.0125398257793706,1,3,TRUE,900000013,"primary",0.9,0,0.209251355765864,0.196990170822415,0.170272694313498,0.183073953215979,0.128081667168247,0.00101894840342203,1.077
"oracle",0,-0.315357547127068,NA,NA,NA,900000013,"primary",0.9,0,0.209251355765864,0.196990170822415,0.170272694313498,0.183073953215979,0.128081667168247,0.00101894840342203,1.077
"over",1,0.0255204393895563,1,3,TRUE,900000013,"primary",0.9,0,0.209251355765864,0.196990170822415,0.170272694313498,0.183073953215979,0.128081667168247,0.00101894840342203,1.077
"raw",0.55,0.0122611849434495,1,3,TRUE,900000013,"primary",0.9,0,0.209251355765864,0.196990170822415,0.170272694313498,0.183073953215979,0.128081667168247,0.00101894840342203,1.077
"cw",0.983333333333333,0.0160492308588396,1,3,TRUE,900000014,"primary",0.9,0,0.175915012837006,0.147261060919064,0.150400857937816,0.153202869983578,0.107790947499124,-0.00913002210578925,1.014
"gini",0.666666666666667,0.0236871029251879,1,3,TRUE,900000014,"primary",0.9,0,0.175915012837006,0.147261060919064,0.150400857937816,0.153202869983578,0.107790947499124,-0.00913002210578925,1.014
"oracle",0,-0.284669279683314,NA,NA,NA,900000014,"primary",0.9,0,0.175915012837006,0.147261060919064,0.150400857937816,0.153202869983578,0.107790947499124,-0.00913002210578925,1.014
"over",0.983333333333333,0.0188947102300241,1,3,TRUE,900000014,"primary",0.9,0,0.175915012837006,0.147261060919064,0.150400857937816,0.153202869983578,0.107790947499124,-0.00913002210578925,1.014
"raw",0.666666666666667,0.028653951917942,1,3,TRUE,900000014,"primary",0.9,0,0.175915012837006,0.147261060919064,0.150400857937816,0.153202869983578,0.107790947499124,-0.00913002210578925,1.014
"cw",1,0.0163599017537647,0.792079207920792,3,FALSE,900000015,"primary",0.6,0,0.18664827748234,0.177571960563042,0.177848081406221,0.159281327356674,0.114784604147734,0.0096275809738101,1.089
"gini",0.516666666666667,0.00277122324703916,0.56957928802589,3,FALSE,900000015,"primary",0.6,0,0.18664827748234,0.177571960563042,0.177848081406221,0.159281327356674,0.114784604147734,0.0096275809738101,1.089
"oracle",0.0166666666666667,-0.324299923676572,NA,NA,NA,900000015,"primary",0.6,0,0.18664827748234,0.177571960563042,0.177848081406221,0.159281327356674,0.114784604147734,0.0096275809738101,1.089
"over",1,0.0201580600637239,0.792079207920792,3,FALSE,900000015,"primary",0.6,0,0.18664827748234,0.177571960563042,0.177848081406221,0.159281327356674,0.114784604147734,0.0096275809738101,1.089
"raw",0.516666666666667,0.00907631691929731,0.56957928802589,3,FALSE,900000015,"primary",0.6,0,0.18664827748234,0.177571960563042,0.177848081406221,0.159281327356674,0.114784604147734,0.0096275809738101,1.089
"cw",1,0.0164141552518635,1,3,TRUE,900000016,"primary",0.9,0,0.194554813293017,0.174555581657261,0.186382406191198,0.151722961577735,0.108989758380385,0.00511856287839909,1.063
"gini",0.616666666666667,0.00980668642618465,1,3,TRUE,900000016,"primary",0.9,0,0.194554813293017,0.174555581657261,0.186382406191198,0.151722961577735,0.108989758380385,0.00511856287839909,1.063
"oracle",0,-0.442882138050711,NA,NA,NA,900000016,"primary",0.9,0,0.194554813293017,0.174555581657261,0.186382406191198,0.151722961577735,0.108989758380385,0.00511856287839909,1.063
"over",1,0.0202410945682725,1,3,TRUE,900000016,"primary",0.9,0,0.194554813293017,0.174555581657261,0.186382406191198,0.151722961577735,0.108989758380385,0.00511856287839909,1.063
"raw",0.633333333333333,0.0199992316357555,1,3,TRUE,900000016,"primary",0.9,0,0.194554813293017,0.174555581657261,0.186382406191198,0.151722961577735,0.108989758380385,0.00511856287839909,1.063
"cw",1,0.0149951067616683,1,3,TRUE,900000017,"primary",0.9,0,0.175077970873685,0.136286958884873,0.185181730579581,0.170861592333987,0.0956389519910214,-0.0374573255289835,0.305
"gini",0.566666666666667,0.0298628829125377,1,3,TRUE,900000017,"primary",0.9,0,0.175077970873685,0.136286958884873,0.185181730579581,0.170861592333987,0.0956389519910214,-0.0374573255289835,0.305
"oracle",0,-0.352664485232026,NA,NA,NA,900000017,"primary",0.9,0,0.175077970873685,0.136286958884873,0.185181730579581,0.170861592333987,0.0956389519910214,-0.0374573255289835,0.305
"over",1,0.0182885017738836,1,3,TRUE,900000017,"primary",0.9,0,0.175077970873685,0.136286958884873,0.185181730579581,0.170861592333987,0.0956389519910214,-0.0374573255289835,0.305
"raw",0.583333333333333,0.0387910119888114,1,3,TRUE,900000017,"primary",0.9,0,0.175077970873685,0.136286958884873,0.185181730579581,0.170861592333987,0.0956389519910214,-0.0374573255289835,0.305
"cw",1,0.0229033338954866,1,3,TRUE,900000018,"primary",0.9,0,0.217703327659645,0.10508559776481,0.186872436083594,0.145906134760364,0.131358541119456,-0.0155206105245669,0.23
"gini",0.9,0.0874340123235094,1,3,TRUE,900000018,"primary",0.9,0,0.217703327659645,0.10508559776481,0.186872436083594,0.145906134760364,0.131358541119456,-0.0155206105245669,0.23
"oracle",0,-0.352471156360324,NA,NA,NA,900000018,"primary",0.9,0,0.217703327659645,0.10508559776481,0.186872436083594,0.145906134760364,0.131358541119456,-0.0155206105245669,0.23
"over",1,0.028254624424041,1,3,TRUE,900000018,"primary",0.9,0,0.217703327659645,0.10508559776481,0.186872436083594,0.145906134760364,0.131358541119456,-0.0155206105245669,0.23
"raw",0.916666666666667,0.112617729894835,1,3,TRUE,900000018,"primary",0.9,0,0.217703327659645,0.10508559776481,0.186872436083594,0.145906134760364,0.131358541119456,-0.0155206105245669,0.23
"cw",1,0.0172473043195455,1,3,TRUE,900000019,"primary",0.9,0,0.185112720439696,0.167631052707017,0.157472151680901,0.174130076660495,0.115849659966264,-0.00600096858258122,0.267
"gini",0.566666666666667,0.0153781530497256,1,3,TRUE,900000019,"primary",0.9,0,0.185112720439696,0.167631052707017,0.157472151680901,0.174130076660495,0.115849659966264,-0.00600096858258122,0.267
"oracle",0,-0.357220586763587,NA,NA,NA,900000019,"primary",0.9,0,0.185112720439696,0.167631052707017,0.157472151680901,0.174130076660495,0.115849659966264,-0.00600096858258122,0.267
"over",1,0.0206030836388252,1,3,TRUE,900000019,"primary",0.9,0,0.185112720439696,0.167631052707017,0.157472151680901,0.174130076660495,0.115849659966264,-0.00600096858258122,0.267
"raw",0.6,0.017481667732679,1,3,TRUE,900000019,"primary",0.9,0,0.185112720439696,0.167631052707017,0.157472151680901,0.174130076660495,0.115849659966264,-0.00600096858258122,0.267
"cw",1,0.0126838618696258,1,3,TRUE,900000020,"primary",0.8,0,0.161165818669512,0.161094814403236,0.154268792944978,0.158996645660631,0.0982546858803134,-0.00211414769239892,0.228
"gini",0.483333333333333,0.00108735433566176,1,3,TRUE,900000020,"primary",0.8,0,0.161165818669512,0.161094814403236,0.154268792944978,0.158996645660631,0.0982546858803134,-0.00211414769239892,0.228
"oracle",0.0166666666666667,-0.306016150463217,NA,NA,NA,900000020,"primary",0.8,0,0.161165818669512,0.161094814403236,0.154268792944978,0.158996645660631,0.0982546858803134,-0.00211414769239892,0.228
"over",1,0.015031009687277,1,3,TRUE,900000020,"primary",0.8,0,0.161165818669512,0.161094814403236,0.154268792944978,0.158996645660631,0.0982546858803134,-0.00211414769239892,0.228
"raw",0.483333333333333,7.10042662762367e-05,1,3,TRUE,900000020,"primary",0.8,0,0.161165818669512,0.161094814403236,0.154268792944978,0.158996645660631,0.0982546858803134,-0.00211414769239892,0.228
